gifUrl,title,source,Ytid
youtube-1WyghkselVE_still_0-25.png,"","",""
youtube-2jLdvEF4DKk_still_29-75.png,"","",""
youtube-2jLdvEF4DKk_still_65.png,"","",""
youtube-2Yd11yViVU0_still_27.png,"","",""
youtube-2Yd11yViVU0_still_49.png,"","",""
youtube-3a6c7hHbphA_still_32-5.png,"","",""
youtube-5Q7lX4YLYWA_still_32-2.png,"","",""
youtube-9!XRCakyHt8_still_46-444.png,"","",""
youtube-9!XRCakyHt8_still_136-235.png,"","",""
youtube-89xoSTkn8Wo_still_33-5.png,"","",""
youtube-89xoSTkn8Wo_still_101.png,"","",""
youtube-89xoSTkn8Wo_still_117-3.png,"","",""
youtube-CDsNZJTWw0w_still_364-6.png,"","",""
youtube-ChtRx3KdoPA_still_45-352.png,"","",""
youtube-eCG0M6T5sMU_still_46-518.png,"","",""
youtube-eCG0M6T5sMU_still_125-216.png,"","",""
youtube-eCG0M6T5sMU_still_129-097.png,"","",""
youtube-eCG0M6T5sMU_still_332-165.png,"","",""
youtube-eCG0M6T5sMU_still_360-193.png,"","",""
youtube-f2j5cLayLgM_still_292-231.png,"","",""
youtube-gdPpJ11kg04_still_136-5.png,"","",""
youtube-GhhUTVOx33c_still_247.png,"","",""
youtube-GZGZSDzuDxM_still_18-2.png,"","",""
youtube-hdjauvoc5KQ_still_130-096.png,"","",""
youtube-hjfogiltO80_still_100-35.png,"","",""
youtube-hkqXpRxDpfU_still_58-839.png,"","",""
youtube-i7PwXjJujt8_still_29.png,"","",""
youtube-iaWCcgz5sNs_still_13-3.png,"","",""
youtube-iaWCcgz5sNs_still_30-7.png,"","",""
youtube-iaWCcgz5sNs_still_45.png,"","",""
youtube-iaWCcgz5sNs_still_87-5.png,"","",""
youtube-iaWCcgz5sNs_still_145-5.png,"","",""
youtube-JEH01UvjzD0_still_29-9.png,"","",""
youtube-koLOyFbqFDU_still_30.png,"","",""
youtube-m7cO-lyaFDw_still_46.png,"","",""
youtube-m7cO-lyaFDw_still_173.png,"","",""
youtube-m7cO-lyaFDw_still_365-3.png,"","",""
youtube-m7cO-lyaFDw_still_434-002.png,"","",""
youtube-m7cO-lyaFDw_still_442-556.png,"","",""
youtube-m7cO-lyaFDw_still_556-7.png,"","",""
youtube-mXbOMQ-0WWU_still_104-312.png,"","",""
youtube-NYW763HaLQE_still_82-5.png,"","",""
youtube-POUrs!Aoe4s_still_3-4.png,"","",""
youtube-POUrs!Aoe4s_still_50-657.png,"","",""
youtube-pUum3OQuI24_still_336-2.png,"","",""
youtube-PV7sYqocxGw_still_4-857.png,"","",""
youtube-PV7sYqocxGw_still_129.png,"","",""
youtube-QNXh8zQf!B8_still_51-475.png,"","",""
youtube-TY8Ky7a7ijw_still_125-675.png,"","",""
youtube-U4E0pri!t0s_still_8-813.png,"","",""
youtube-U4E0pri!t0s_still_24-517.png,"","",""
youtube-U4E0pri!t0s_still_36-676.png,"","",""
youtube-U4E0pri!t0s_still_43.png,"","",""
youtube-UaRCCA2rRR0_still_101.png,"","",""
youtube-Y!9vd4HWlVA_still_402-813.png,"","",""
youtube-Z0RIJyk2KRU_still_211-932.png,"","",""
youtube-Z0RIJyk2KRU_still_242-7.png,"","",""
youtube-Z0RIJyk2KRU_still_246-5.png,"","",""
youtube-Z0RIJyk2KRU_still_517.png,"","",""
youtube-ZS3GQhmLTis_still_79-24.png,"","",""
youtube-zzLaAsyPEc8_still_61.png,"","",""